CityId,Han,age,card_age,cashAmt_mean,cashAmt_non_null_months,cashCnt_mean,cashCnt_non_null_months,cashTotalAmt,cashTotalCnt,education,idVerify,inCourt,isBlackList,isCrime,isDue,maritalStatus,monthCardLargeAmt,netLength,noTransWeekPre,onlineTransAmt,onlineTransCnt,publicPayAmt,publicPayCnt,sex,threeVerify,transAmt_mean?,transAmt_non_null_months,transCnt_mean,transCnt_non_null_months,transTotalAmt?,transTotalCnt,Default
一线城市,0,38,2,0,0,0,0,0,0,?小学,?不一致,0,0,0,0,?已婚,0,?无效,0.87,-7710,2,0,0,?女,?不一致,0,2,0,2,0,0,0
一线城市,0,39,19,0,0,0,0,0,0,?小学,?不一致,0,0,0,0,?未婚,400,?0-6个月,0.87,700,3,0,0,?男,?一致,180,5,1,5,900,5,0
二线城市,0,40,16,0,0,0,0,0,0,?小学,?None,0,0,0,0,?None,17250,?6-12个月,0.46,-164560,39,770,2,?女,?一致,2378.89,9,0.33,9,21410,3,0
其它,0,38,13,22000,1,6,1,22000,6,?本科以上,?None,0,0,0,0,?未婚,176800,?24个月以上,0.69,12660,7,0,0,?男,?一致,28008,10,1.5,10,280120,15,0
二线城市,0,24,8,0,0,0,0,0,0,?小学,?None,0,0,0,0,?已婚,3720,?12-24个月,0.83,-5260,15,4170,8,?男,?一致,842,5,1.8,5,4220,9,0
其它,0,22,9,2100,1,5,1,2100,5,?初中,?一致,0,0,0,0,?未婚,600,?12-24个月,0.87,-170,12,600,7,?女,?None,150,4,0.25,4,600,1,0
二线城市,0,33,27,1800,5,3.2,5,9000,16,?小学,?一致,0,0,0,0,?未婚,16980,?24个月以上,0.52,20700,21,4970,3,?男,?一致,3188.89,9,2.67,9,28720,24,0
其它,0,27,51,0,0,0,0,0,0,?小学,?None,0,0,0,1,?None,0,?24个月以上,0,0,0,0,0,?女,?不一致,0,0,0,0,0,0,0
二线城市,0,27,47,1533.33,3,1.67,3,4600,5,?小学,?None,0,0,0,0,?已婚,299210,?无效,0.12,-55270,73,-187830,21,?女,?不一致,78453.33,12,11.83,12,941510,147,0
二线城市,0,25,32,0,0,0,0,0,0,?初中,?不一致,0,0,0,0,?未婚,12140,?24个月以上,0.9,-18350,6,11410,1,?男,?不一致,4046.67,3,0.67,3,12140,2,0
二线城市,0,35,12,750,6,2,6,4500,12,?高中,?None,0,0,0,0,?未婚,2140,?24个月以上,0.71,-90,3,390,2,?女,?一致,402.22,9,1.11,9,3630,10,0
二线城市,0,41,2,0,0,0,0,0,0,?小学,?None,0,0,0,0,?未婚,0,?6-12个月,0.92,0,10,0,7,?男,?不一致,0,2,0.5,2,0,1,0
一线城市,0,29,68,933.33,3,1.33,3,2800,4,?小学,?一致,0,0,0,1,?已婚,1120,?无效,0.73,0,0,0,0,?男,?一致,347.78,9,1.22,9,3150,9,0
一线城市,0,35,16,3500,3,2.33,3,10500,7,?小学,?一致,0,0,0,0,?已婚,63090,?24个月以上,0.67,74560,9,0,4,?男,?一致,8055,10,1.8,10,80570,18,0
其它,0,32,13,100,1,1,1,100,1,?None,?None,0,0,0,0,?None,1750,?24个月以上,0.92,0,0,0,0,?男,?一致,743.33,3,1.67,3,2240,5,0
二线城市,0,44,72,0,0,0,0,0,0,?小学,?一致,0,0,0,0,?未婚,4000,?24个月以上,0.98,4000,1,0,0,?男,?一致,4000,1,1,1,4000,1,0
二线城市,0,43,42,2962.5,8,4.63,8,23700,37,?初中,?None,0,0,0,0,?未婚,1610,?24个月以上,0.54,0,0,0,0,?男,?一致,445,8,1,8,3560,8,0
其它,0,29,14,900,1,1,1,900,1,?小学,?None,0,0,0,0,?未婚,230,?24个月以上,0.88,0,0,0,0,?男,?一致,43.33,6,0.83,6,260,5,0
其它,0,32,22,1200,1,1,1,1200,1,?初中,?不一致,0,0,0,0,?未婚,210,?24个月以上,0.92,0,0,420,2,?男,?一致,120,4,0.75,4,480,3,0
一线城市,0,55,25,0,0,0,0,0,0,?高中,?None,0,0,0,0,?已婚,0,?24个月以上,0,0,0,0,0,?女,?一致,0,0,0,0,0,0,0
一线城市,0,36,60,1600,1,2,1,1600,2,?初中,?None,0,0,0,0,?已婚,14000,?24个月以上,0.79,24840,9,0,0,?男,?一致,6008.33,6,1.33,6,36050,8,0
二线城市,0,46,30,3400,3,2,3,10200,6,?初中,?None,0,0,0,0,?未婚,2190,?无效,0.9,0,0,0,0,?女,?一致,547.5,4,0.25,4,2190,1,0
二线城市,0,29,6,3550,4,2.5,4,14200,10,?小学,?None,0,0,0,0,?未婚,92170,?无效,0.63,15000,2,0,1,?男,?一致,29093.33,6,8.5,6,174580,57,0
二线城市,0,23,11,100,3,1,3,300,3,?小学,?不一致,0,0,0,1,?未婚,32000,?24个月以上,0.38,360,46,1670,21,?男,?一致,4448.75,8,1.5,8,35610,10,0
一线城市,0,26,25,0,0,0,0,0,0,?高中,?一致,0,0,0,0,?未婚,500,?24个月以上,0.79,-4170,12,1290,8,?男,?None,322.5,4,1.5,4,1290,6,0
二线城市,0,43,10,1300,4,2.75,4,5200,11,?高中,?None,0,0,0,0,?None,230,?24个月以上,0.79,0,0,0,0,?男,?一致,48.33,6,0.67,6,290,4,0
二线城市,0,36,4,0,0,0,0,0,0,?本科以上,?不一致,0,0,0,0,?已婚,400,?无效,0.98,0,0,0,0,?男,?不一致,400,1,1,1,400,1,0
二线城市,0,27,21,300,1,1,1,300,1,?小学,?一致,0,0,0,0,?未婚,200,?24个月以上,0.88,890,5,710,4,?男,?一致,146.67,6,1,6,890,6,0
二线城市,1,30,5,0,0,0,0,0,0,?高中,?一致,1,1,0,1,?未婚,20000,?6-12个月,0.94,-13620,6,780,3,?女,?一致,6926.67,3,0.67,3,20780,2,0
一线城市,0,33,14,525,4,1.25,4,2100,5,?小学,?None,0,0,0,0,?未婚,18080,?24个月以上,0.54,-84670,150,3310,9,?男,?一致,4337.5,8,3.88,8,34720,33,0
二线城市,0,27,13,642.86,7,2.71,7,4500,19,?初中,?None,0,0,0,0,?未婚,1430,?12-24个月,0.29,-60740,93,1020,3,?女,?一致,281,10,3.3,10,2830,33,0
其它,0,29,62,5000,1,1,1,5000,1,?本科以上,?不一致,0,0,0,0,?已婚,20000,?24个月以上,0.83,17460,5,7280,2,?男,?一致,8592,5,1.4,5,42970,7,0
一线城市,0,31,15,0,0,0,0,0,0,?高中,?不一致,0,0,0,0,?未婚,30000,?24个月以上,0.92,40000,3,4500,1,?男,?一致,14833.33,3,1.33,3,44500,4,0
二线城市,0,29,18,760,5,1.4,5,3800,7,?小学,?None,0,0,0,0,?未婚,2860,?24个月以上,0.56,-4530,18,1300,2,?男,?一致,828,10,1,10,8310,10,0
一线城市,0,28,24,7600,2,3.5,2,15200,7,?本科以上,?None,0,1,0,1,?已婚,0,?0-6个月,0.58,-86940,27,0,0,?女,?不一致,0,10,0,10,0,0,0
二线城市,0,40,22,8242.86,7,5.57,7,57700,39,?初中,?None,0,0,0,0,?已婚,20310,?24个月以上,0.06,29220,189,51210,69,?女,?一致,9150.83,12,8.67,12,109860,105,0
一线城市,0,30,16,0,0,0,0,0,0,?小学,?None,0,0,0,0,?未婚,10,?无效,0.94,10,7,0,6,?男,?一致,10,1,1,1,10,1,0
其它,1,31,4,0,0,0,0,0,0,?小学,?不一致,0,0,0,0,?未婚,2860,?24个月以上,0.96,5720,2,0,0,?女,?不一致,2860,2,1,2,5720,2,0
二线城市,0,49,26,4990,10,3,10,49900,30,?小学,?一致,0,0,0,0,?未婚,11000,?24个月以上,0.62,8200,4,1000,1,?女,?一致,1359,10,0.9,10,13610,9,0
其它,0,40,3,0,0,0,0,0,0,?初中,?None,0,0,0,0,?已婚,1810,?24个月以上,0.98,0,0,0,0,?男,?一致,1810,1,1,1,1810,1,0
二线城市,0,31,29,466.67,3,1,3,1400,3,?本科以上,?一致,0,0,0,0,?已婚,99910,?无效,0.21,-1384530,231,4410,3,?男,?一致,27358.33,12,4.5,12,328330,54,0
一线城市,1,52,23,0,0,0,0,0,0,?小学,?不一致,0,0,0,0,?已婚,119750,?24个月以上,0.67,268540,45,108590,12,?男,?一致,53151.67,6,7.5,6,318930,48,0
其它,0,38,30,0,0,0,0,0,0,?小学,?None,1,1,0,0,?已婚,200,?24个月以上,0.94,0,0,0,0,?男,?一致,93.33,3,1,3,280,3,0
一线城市,0,24,7,5200,3,3.67,3,15600,11,?None,?None,0,0,0,1,?未婚,14900,?24个月以上,0.88,250,4,0,0,?男,?None,4332,5,1.2,5,21670,6,0
其它,0,30,45,0,0,0,0,0,0,?初中,?一致,0,0,0,0,?已婚,1230,?24个月以上,0.9,0,0,0,0,?男,?一致,1000,2,2.5,2,2010,5,0
二线城市,0,56,0,0,0,0,0,0,0,?高中,?None,0,0,0,0,?None,0,?24个月以上,0.4,-89400,10,-384200,50,?男,?一致,0,12,0.17,12,0,2,0
一线城市,0,37,28,1430,10,4.3,10,14300,43,?小学,?None,0,0,0,0,?已婚,49200,?24个月以上,0.12,-7810,123,2470,11,?男,?None,4902.5,12,5.92,12,58870,72,0
一线城市,0,46,70,5900,3,4,3,17700,12,?小学,?一致,0,0,0,0,?未婚,74460,?24个月以上,0.48,-52130,12,0,0,?男,?一致,11830,9,2,9,106500,18,0
二线城市,0,41,4,6033.33,3,3.33,3,18100,10,?小学,?None,0,0,0,0,?已婚,1980,?24个月以上,0.81,0,0,0,0,?男,?不一致,792.5,4,3.75,4,3180,15,0
其它,0,51,2,5500,1,5,1,5500,5,?高中,?None,0,0,0,0,?已婚,0,?24个月以上,0.98,0,0,0,0,?女,?一致,0,1,0,1,0,0,0
二线城市,0,32,23,333.33,3,1.33,3,1000,4,?高中,?不一致,0,0,0,0,?已婚,3060,?24个月以上,0.58,-79380,21,790,2,?男,?一致,1165,10,1.9,10,11680,18,0
二线城市,0,30,16,0,0,0,0,0,0,?小学,?None,0,0,0,0,?已婚,320,?无效,0.96,70,2,0,0,?男,?不一致,320,1,3,1,320,3,0
一线城市,0,52,76,0,0,0,0,0,0,?本科以上,?None,0,0,0,0,?已婚,0,?24个月以上,0,0,0,0,0,?女,?None,0,0,0,0,0,0,0
一线城市,0,37,16,3133.33,3,1.67,3,9400,5,?小学,?None,0,0,0,0,?未婚,23920,?24个月以上,0.23,-77370,69,49490,24,?男,?一致,7693.33,12,3.5,12,92370,42,0
其它,1,28,53,0,0,0,0,0,0,?初中,?不一致,0,0,0,0,?已婚,26700,?24个月以上,0.79,37110,9,0,0,?女,?不一致,6355.71,7,2.14,7,44500,15,0
其它,0,29,44,3500,2,2,2,7000,4,?本科以上,?一致,0,0,0,0,?未婚,550,?12-24个月,0.88,0,0,0,0,?男,?一致,210,4,1,4,840,4,0
二线城市,0,28,10,2020,5,2.4,5,10100,12,?小学,?一致,0,0,0,0,?已婚,10350,?24个月以上,0.73,-9540,21,5230,13,?女,?None,2903.33,6,2.5,6,17440,15,0
其它,0,36,22,6118.18,11,3.82,11,67300,42,?初中,?None,0,0,0,0,?None,2610,?24个月以上,0.44,1570,18,3110,9,?男,?一致,447.27,11,1.09,11,4930,12,0
二线城市,0,34,80,0,0,0,0,0,0,?小学,?None,0,0,0,0,?未婚,720,?无效,0.73,3280,10,0,3,?男,?一致,540,6,1,6,3280,6,0
二线城市,0,26,7,2000,2,1,2,4000,2,?高中,?不一致,0,0,0,0,?未婚,11210,?24个月以上,0.79,-188510,51,4110,4,?女,?一致,2168.33,6,2.33,6,13020,15,0
一线城市,0,31,1,0,0,0,0,0,0,?小学,?不一致,0,0,0,0,?已婚,20000,?12-24个月,0.96,20000,2,0,0,?女,?不一致,20000,1,2,1,20000,2,0
其它,0,46,22,966.67,3,2.33,3,2900,7,?小学,?一致,0,0,0,0,?None,0,?12-24个月,0.92,0,0,0,0,?女,?一致,0,3,0.33,3,0,1,0
二线城市,0,26,35,200,2,1,2,400,2,?本科以上,?一致,0,0,0,0,?未婚,5900,?24个月以上,0.71,-31400,15,520,1,?女,?None,2410,12,1.92,12,28970,22,0
一线城市,0,28,25,733.33,3,1.33,3,2200,4,?小学,?None,1,1,0,0,?已婚,480,?24个月以上,0.77,-18240,9,-90,1,?女,?一致,125.71,7,1,7,890,7,0
二线城市,0,27,11,300,1,1,1,300,1,?初中,?一致,0,0,0,0,?已婚,0,?6-12个月,0.96,0,1,0,0,?男,?不一致,0,1,0,1,0,0,0
二线城市,0,26,2,0,0,0,0,0,0,?小学,?None,0,0,0,0,?已婚,1120,?24个月以上,0.98,1120,1,1120,1,?男,?一致,1120,1,1,1,1120,1,0
一线城市,0,23,27,0,0,0,0,0,0,?None,?一致,0,0,0,0,?None,4300,?24个月以上,0.71,4880,33,4720,15,?女,?一致,710,7,2.29,7,5000,15,0
其它,0,27,35,4244.44,9,2.56,9,38200,23,?初中,?None,0,0,0,0,?未婚,228890,?24个月以上,0.42,-116970,41,0,1,?男,?None,36153.33,12,3.75,12,433900,44,0
一线城市,0,35,32,0,0,0,0,0,0,?高中,?不一致,0,0,0,0,?未婚,0,?6-12个月,0.71,-125170,18,0,0,?女,?不一致,0,6,0,6,0,0,0
其它,0,33,19,333.33,3,1.33,3,1000,4,?初中,?None,0,0,0,0,?None,2330,?24个月以上,0.71,-5900,26,3640,14,?男,?一致,1350,5,1.4,5,6760,7,0
一线城市,0,26,79,1442.86,7,4.14,7,10100,29,?初中,?None,0,0,0,0,?未婚,3350,?24个月以上,0.58,4210,5,0,0,?男,?一致,580,9,1.22,9,5240,9,0
一线城市,0,25,1,0,0,0,0,0,0,?None,?None,0,0,0,0,?未婚,0,?6-12个月,0.98,0,3,0,3,?男,?一致,0,0,0,0,0,0,0
一线城市,0,43,38,0,0,0,0,0,0,?高中,?None,0,0,0,0,?未婚,1380,?24个月以上,0.81,3440,10,0,2,?女,?不一致,518.57,7,1.29,7,3650,9,0
一线城市,0,26,7,100,1,1,1,100,1,?小学,?一致,0,0,0,0,?None,32990,?6-12个月,0.77,30550,24,33160,12,?女,?None,11848.33,6,3.33,6,71090,18,0
其它,0,40,71,0,0,0,0,0,0,?本科以上,?一致,0,0,0,0,?未婚,0,?无效,0,0,0,0,0,?女,?一致,0,0,0,0,0,0,0
二线城市,0,27,12,7714.29,7,3.43,7,54000,24,?小学,?None,0,0,0,0,?已婚,31180,?0-6个月,0.58,38710,18,26370,12,?男,?一致,6059,10,1.2,10,60610,12,0
二线城市,0,37,9,5000,1,3,1,5000,3,?高中,?一致,0,0,0,0,?已婚,64760,?24个月以上,0.87,13520,9,1200,4,?男,?一致,15854,5,2.6,5,79280,12,0
二线城市,0,29,60,0,0,0,0,0,0,?初中,?不一致,0,0,0,0,?未婚,340,?无效,0.92,350,8,340,2,?男,?一致,163.33,3,3.67,3,490,9,0
二线城市,0,26,9,500,2,1,2,1000,2,?小学,?None,0,0,0,0,?None,600,?24个月以上,0.94,600,3,0,0,?男,?None,200,3,1,3,600,3,0
一线城市,0,27,4,0,0,0,0,0,0,?小学,?不一致,0,0,0,0,?已婚,100,?24个月以上,0.98,0,0,0,0,?女,?一致,100,1,1,1,100,1,0
二线城市,0,34,36,100,1,1,1,100,1,?小学,?一致,0,0,0,0,?未婚,0,?24个月以上,0.98,0,0,0,0,?男,?不一致,0,1,0,1,0,0,0
二线城市,0,33,37,0,0,0,0,0,0,?初中,?None,0,0,0,0,?None,50,?24个月以上,0.94,20,1,0,0,?女,?一致,30,3,1,3,100,3,0
一线城市,0,33,13,0,0,0,0,0,0,?本科以上,?None,0,0,0,0,?未婚,7660,?24个月以上,0.29,-209120,99,17980,8,?男,?一致,3980.83,12,2,12,47790,24,0
一线城市,0,52,4,4000,1,2,1,4000,2,?高中,?None,0,0,0,0,?未婚,48000,?24个月以上,0.94,48000,1,0,0,?男,?一致,48000,1,1,1,48000,1,0
一线城市,0,24,55,1916.67,6,2.67,6,11500,16,?小学,?None,1,0,0,0,?已婚,5470,?0-6个月,0.6,2140,24,3270,4,?女,?不一致,1974,10,1.5,10,19750,15,0
二线城市,0,48,45,0,0,0,0,0,0,?高中,?一致,0,0,0,0,?未婚,10330,?24个月以上,0.79,8390,15,0,0,?女,?一致,2144,5,2.4,5,10740,12,0
二线城市,0,27,22,0,0,0,0,0,0,?初中,?不一致,0,0,0,0,?未婚,88770,?24个月以上,0.27,-1743020,156,0,0,?女,?不一致,43890.83,12,2.67,12,526720,30,0
二线城市,0,28,27,3000,4,1.5,4,12000,6,?小学,?None,0,0,0,0,?None,14480,?24个月以上,0.54,-4390,9,-19970,3,?男,?一致,2138.18,11,1.55,11,23570,15,0
其它,0,30,5,1300,4,3.5,4,5200,14,?高中,?None,0,0,0,0,?已婚,230,?24个月以上,0.83,0,0,0,0,?男,?一致,72.5,4,0.5,4,300,2,0
其它,0,41,46,2000,1,1,1,2000,1,?本科以上,?一致,0,0,0,1,?None,10320,?24个月以上,0.92,-48670,7,0,0,?男,?一致,2064,5,0.8,5,10320,4,0
二线城市,0,44,34,0,0,0,0,0,0,?初中,?None,0,0,0,0,?未婚,2210,?24个月以上,0.69,-101340,39,2850,5,?男,?一致,592.86,7,1.14,7,4180,8,0
其它,0,33,58,0,0,0,0,0,0,?小学,?一致,0,0,0,0,?未婚,1045300,?24个月以上,0.08,3875970,477,-432950,27,?男,?一致,367633.33,12,21.17,12,4411630,258,0
二线城市,0,30,26,233.33,3,1,3,700,3,?高中,?一致,1,0,0,0,?未婚,4900,?24个月以上,0.71,800,1,790,1,?男,?None,2665,12,5.08,12,32050,59,0
一线城市,0,25,14,21388.89,9,5.78,9,192500,52,?高中,?None,0,0,0,0,?未婚,35710,?24个月以上,0.38,28350,3,9700,1,?女,?不一致,7090,12,1.83,12,85130,21,0
一线城市,0,40,20,11285.71,7,5.43,7,79000,38,?本科以上,?不一致,0,0,0,0,?未婚,66500,?24个月以上,0.31,110670,111,68740,18,?男,?一致,39432.5,12,5.67,12,473230,66,0
一线城市,0,43,74,0,0,0,0,0,0,?小学,?None,0,0,0,0,?未婚,0,?24个月以上,0.98,0,1,0,1,?女,?一致,0,0,0,0,0,0,0
其它,0,39,43,0,0,0,0,0,0,?初中,?None,0,0,0,0,?未婚,246040,?24个月以上,0.56,40200,3,4650,1,?男,?一致,151390,12,7.92,12,1816770,93,0
二线城市,0,24,25,500,1,1,1,500,1,?小学,?一致,0,0,0,0,?未婚,44730,?24个月以上,0.15,12710,171,44540,51,?女,?一致,15313.33,12,11.42,12,183800,141,0
其它,0,44,31,2166.67,3,1.33,3,6500,4,?小学,?None,0,0,0,0,?未婚,44220,?无效,0.88,20000,2,0,0,?男,?一致,14740,3,1.33,3,44220,4,0
其它,0,41,37,2500,3,1.67,3,7500,5,?小学,?None,0,0,0,0,?未婚,106400,?无效,0.62,-1008200,48,0,0,?男,?一致,21746.67,9,0.67,9,195720,6,0
其它,0,33,24,1460,5,1.2,5,7300,6,?None,?None,0,0,0,0,?None,2300,?24个月以上,0.81,0,0,750,1,?男,?不一致,720,5,0.8,5,3600,4,0
其它,0,34,0,6283.33,6,2.67,6,37700,10,?小学,?一致,0,0,0,0,?未婚,16700,?无效,0.71,65600,10,62400,10,?男,?一致,7266.67,9,1.67,9,65700,10,0
一线城市,1,26,6,0,0,0,0,0,0,?初中,?不一致,0,0,0,0,?未婚,4670,?无效,0.92,0,0,0,0,?女,?一致,1285,4,1,4,5150,4,0
一线城市,0,31,10,0,0,0,0,0,0,?小学,?None,0,0,0,0,?None,19130,?24个月以上,0.63,30,2,0,0,?男,?一致,13161.11,9,4.22,9,118480,38,0
二线城市,1,30,35,0,0,0,0,0,0,?小学,?不一致,0,0,0,0,?未婚,55540,?24个月以上,0.52,-21810,15,3340,4,?女,?不一致,5336.67,12,2.42,12,64080,27,0
二线城市,0,32,84,0,0,0,0,0,0,?高中,?不一致,0,0,0,0,?未婚,181980,?24个月以上,0.67,97200,21,0,0,?男,?一致,45455.71,7,3,7,318190,21,0
其它,0,31,9,0,0,0,0,0,0,?小学,?None,0,0,0,0,?未婚,12600,?24个月以上,0.94,0,0,0,0,?男,?一致,8735,2,3,2,17470,6,0
二线城市,0,39,43,0,0,0,0,0,0,?高中,?一致,0,0,0,0,?未婚,161790,?无效,0.73,59650,24,1600,3,?男,?一致,27773.33,6,2.83,6,166640,15,0
其它,0,30,46,888.89,9,2.33,9,8000,21,?初中,?一致,0,0,0,0,?未婚,6000,?24个月以上,0.58,5090,21,4410,8,?男,?一致,1987.78,9,2.44,9,17910,21,0
二线城市,0,27,11,1200,1,4,1,1200,4,?小学,?None,0,0,0,0,?None,34080,?无效,0.58,11430,18,15150,9,?女,?None,5397.78,9,1.89,9,48620,15,0
二线城市,0,24,73,0,0,0,0,0,0,?高中,?None,0,0,0,0,?已婚,2140,?无效,0.83,3780,15,0,0,?男,?一致,1092.5,4,3.5,4,4380,15,0
二线城市,0,48,26,5357.14,7,1.86,7,37500,13,?小学,?不一致,0,0,0,0,?未婚,0,?24个月以上,0.85,0,0,0,0,?男,?一致,0,7,0,7,0,0,0
一线城市,0,46,8,0,0,0,0,0,0,?初中,?一致,0,0,0,0,?已婚,1950,?24个月以上,0.67,-105870,141,-540,2,?男,?一致,418.57,7,0.71,7,2930,5,0
二线城市,0,36,5,13000,1,3,1,13000,3,?本科以上,?None,0,0,0,0,?已婚,0,?24个月以上,0.96,0,0,0,0,?男,?不一致,0,1,0,1,0,0,0
一线城市,0,45,15,0,0,0,0,0,0,?初中,?一致,0,0,0,0,?未婚,22000,?无效,0.85,41080,8,28580,7,?女,?一致,7018.75,8,1.25,8,56180,10,0
二线城市,0,32,27,362.5,8,1.75,8,2900,14,?小学,?一致,0,0,0,0,?未婚,7740,?24个月以上,0.23,-7460,66,16630,21,?男,?一致,2323.33,12,3.25,12,27930,39,0
二线城市,0,53,10,8288.89,9,4,9,74600,36,?小学,?不一致,0,0,0,0,?None,44480,?0-6个月,0.42,93560,10,0,1,?男,?不一致,13521.11,9,4.44,9,121710,39,0
二线城市,0,43,18,2000,1,1,1,2000,1,?None,?一致,0,0,0,0,?未婚,21100,?24个月以上,0.71,-9140,9,-1990,2,?女,?一致,2637.5,8,0.25,8,21100,2,0
其它,0,29,35,80,1,1,1,80,1,?小学,?None,0,0,0,0,?未婚,3440,?24个月以上,0.88,1250,1,1250,1,?男,?一致,1164,5,1.2,5,5840,6,0
一线城市,0,31,16,820,5,1,5,4100,5,?小学,?不一致,0,0,0,0,?未婚,5750,?24个月以上,0.54,5600,39,5850,8,?男,?一致,1347.27,11,2.91,11,14860,30,0
二线城市,0,42,18,0,0,0,0,0,0,?None,?None,0,0,0,0,?已婚,0,?24个月以上,0.94,0,2,0,1,?男,?None,0,0,0,0,0,0,0
二线城市,0,36,3,3500,1,2,1,3500,2,?高中,?None,0,0,0,0,?已婚,2570,?24个月以上,0.94,2570,1,-2340,1,?男,?一致,2570,1,1,1,2570,1,0
二线城市,1,27,31,0,0,0,0,0,0,?高中,?不一致,0,0,0,0,?未婚,124500,?24个月以上,0.88,239000,18,0,1,?女,?一致,79666.67,3,5.67,3,239000,15,0
一线城市,0,30,27,1450,4,1.5,4,5800,6,?高中,?None,1,0,0,1,?未婚,450,?12-24个月,0.87,0,0,0,0,?女,?一致,112.5,4,0.5,4,450,2,0
一线城市,0,33,12,0,0,0,0,0,0,?小学,?None,0,0,0,0,?None,4340,?24个月以上,0.71,2490,15,-890,8,?男,?一致,910,11,2.09,11,10050,21,0
二线城市,0,44,8,1500,2,2,2,3000,4,?初中,?一致,0,0,0,1,?已婚,0,?24个月以上,0.77,0,0,0,0,?男,?一致,0,4,0,4,0,0,0
一线城市,0,34,58,9000,1,3,1,9000,3,?初中,?None,0,0,0,0,?None,15020,?无效,0.77,-171590,27,0,1,?男,?None,2620,6,0.67,6,15720,4,0
二线城市,0,23,29,750,2,1,2,1500,2,?小学,?None,0,0,0,0,?None,58240,?24个月以上,0.19,-14200,306,71740,75,?女,?一致,14815.83,12,15.17,12,177850,183,0
其它,1,30,45,0,0,0,0,0,0,?小学,?不一致,0,0,0,0,?已婚,340110,?24个月以上,0.71,3790,2,100,1,?女,?一致,45289.09,11,5.82,11,498240,62,0
其它,0,31,6,540,5,1.4,5,2700,7,?高中,?一致,0,0,0,0,?未婚,4050,?0-6个月,0.79,6260,6,0,0,?女,?None,1314,5,2,5,6590,10,0
二线城市,0,35,5,1300,3,2.67,3,3900,8,?None,?None,0,0,1,0,?None,1500,?0-6个月,0.83,1790,6,2010,2,?男,?一致,757.5,4,1,4,3040,4,0
二线城市,0,29,76,5000,1,4,1,5000,4,?本科以上,?一致,0,0,0,0,?未婚,23790,?24个月以上,0.33,-288370,165,9970,11,?女,?一致,12608,10,3.7,10,126120,37,0
一线城市,0,37,45,0,0,0,0,0,0,?初中,?None,1,0,1,1,?None,19130,?24个月以上,0.42,28620,72,19440,18,?男,?不一致,4423,10,5.6,10,44280,57,0
二线城市,0,35,38,0,0,0,0,0,0,?初中,?一致,0,0,0,0,?已婚,8800,?24个月以上,0.35,-113260,96,15040,12,?女,?一致,3307.5,12,3.67,12,39740,42,0
二线城市,0,40,31,0,0,0,0,0,0,?小学,?None,0,0,0,0,?未婚,3890,?24个月以上,0.83,50,2,0,1,?女,?一致,1247.5,4,3.25,4,4990,12,0
一线城市,0,45,7,0,0,0,0,0,0,?None,一致,0,0,0,0,?未婚,200,?24个月以上,0.94,0,0,0,0,?男,?一致,100,2,0.5,2,200,1,0
其它,0,27,47,2766.67,3,1.67,3,8300,5,?高中,?不一致,1,0,0,0,?None,23200,?24个月以上,0.63,40760,3,0,0,?男,?一致,5394,10,1.5,10,53970,15,0
一线城市,0,40,52,300,1,1,1,300,1,?小学,?不一致,0,0,0,0,?未婚,360,?24个月以上,0.9,0,0,0,0,?女,?一致,183.33,3,1.67,3,560,5,0
二线城市,0,29,62,0,0,0,0,0,0,?小学,?一致,0,0,0,0,?未婚,20000,?12-24个月,0.92,10,2,0,0,?男,?一致,6670,3,1,3,20010,3,0
二线城市,0,26,7,866.67,3,2,3,2600,6,?None,?None,0,0,0,0,?None,2070,?24个月以上,0.75,-10480,27,1390,18,?女,?一致,850,5,1.2,5,4260,6,0
二线城市,0,30,25,0,0,0,0,0,0,?初中,?None,0,0,0,0,?未婚,730,?无效,0.96,0,0,0,0,?男,?不一致,730,1,3,1,730,3,0
二线城市,0,35,2,1700,1,4,1,1700,4,?初中,?None,0,0,0,0,?未婚,0,?12-24个月,0.94,0,0,0,0,?男,?一致,0,1,0,1,0,0,0
二线城市,0,31,25,0,0,0,0,0,0,?初中,?不一致,0,0,0,0,?None,1010,?0-6个月,0.85,90,7,640,5,?男,?一致,504,5,1,5,2520,5,0
二线城市,0,23,56,320,5,1.2,5,1600,6,?高中,?一致,0,0,0,0,?已婚,77260,?24个月以上,0.04,203930,282,152970,102,?女,?一致,24714.17,12,21.67,12,296630,267,0
其它,0,29,69,2666.67,3,1.33,3,8000,4,?None,?None,0,1,0,0,?None,0,?24个月以上,0.94,0,0,0,0,?女,?一致,0,3,0,3,0,0,0
二线城市,0,33,18,0,0,0,0,0,0,?初中,?None,0,0,0,0,?已婚,0,?0-6个月,0.63,-3140,27,0,18,?女,?一致,0,2,0,2,0,0,0
二线城市,0,32,27,0,0,0,0,0,0,?高中,?不一致,0,0,0,0,?未婚,3000,?24个月以上,0.65,190,9,80,4,?男,?不一致,422.73,11,2,11,4670,21,0
二线城市,0,23,29,0,0,0,0,0,0,?小学,?None,0,0,0,0,?未婚,139420,?24个月以上,0.31,73360,150,45720,51,?男,?一致,20729.17,12,9.25,12,248790,114,0
一线城市,0,29,14,5335,10,2.6,10,53350,26,?小学,?None,0,0,0,0,?None,150230,?24个月以上,0.02,182320,198,80960,48,?女,?一致,27162.5,12,15,12,326020,186,0
一线城市,0,27,24,3400,2,2,2,6800,4,?小学,?一致,0,0,0,0,?未婚,1610,?24个月以上,0.81,2040,3,0,0,?男,?一致,291.43,7,0.29,7,2040,2,0
一线城市,0,37,7,1500,1,3,1,1500,3,?小学,?None,0,0,0,0,?未婚,0,?24个月以上,0.63,-610340,63,0,0,?男,?一致,0,6,0,6,0,0,0
其它,0,46,19,100,1,1,1,100,1,?初中,?None,0,0,0,0,?未婚,46210,?24个月以上,0.06,-742050,153,58230,51,?男,?一致,16368.33,12,10.25,12,196470,123,0
二线城市,0,34,12,200,2,1,2,400,2,?初中,?None,0,0,0,0,?未婚,0,?24个月以上,0.96,0,0,0,0,?男,?一致,0,2,0,2,0,0,0
二线城市,0,39,10,6250,2,3,2,12500,6,?小学,?None,0,1,0,1,?已婚,3680,?24个月以上,0.87,0,0,0,0,?男,?一致,920,4,0.5,4,3680,2,0
二线城市,0,49,21,11600,2,4.5,2,23200,9,?None,?None,0,0,0,0,?None,2940,?无效,0.58,-113310,18,-22510,5,?男,?一致,1040,7,1.57,7,7300,9,0
二线城市,0,26,69,400,4,1.75,4,1600,7,?小学,?不一致,0,0,0,0,?未婚,260,?24个月以上,0.71,-60,15,0,9,?男,?一致,95,6,0.83,6,580,5,0
一线城市,0,27,10,100,1,1,1,100,1,?小学,?不一致,0,0,0,0,?已婚,30000,?12-24个月,0.92,58700,2,0,0,?女,?None,19643.33,3,1,3,58930,3,0
一线城市,1,32,38,9250,4,3.25,4,37000,13,?高中,?不一致,0,0,0,0,?未婚,19360,?24个月以上,0.65,30920,24,0,0,?女,?一致,3371,10,2.1,10,33730,21,0
二线城市,0,41,77,15530,1,10,1,15530,10,?本科以上,?一致,0,0,0,0,?未婚,8110,?24个月以上,0.75,21290,9,13170,7,?女,?一致,2880,8,2.25,8,23060,18,0
其它,0,23,2,200,2,1,2,400,2,?小学,?None,0,0,0,0,?未婚,0,?24个月以上,0.96,0,0,0,0,?男,?不一致,0,2,0,2,0,0,0
一线城市,0,25,26,0,0,0,0,0,0,?高中,?一致,0,0,0,0,?未婚,33240,?24个月以上,0.5,12810,144,51210,42,?女,?一致,14367.5,8,11,8,114970,93,0
一线城市,0,23,12,100,1,1,1,100,1,?小学,?一致,0,0,0,0,?已婚,1840,?24个月以上,0.79,5030,12,0,2,?女,?一致,778.75,8,2.13,8,6240,17,0
二线城市,0,51,6,1750,2,1,2,3500,2,?小学,?None,0,0,0,0,?None,0,?24个月以上,0.96,0,0,0,0,?男,?一致,0,2,0,2,0,0,0
一线城市,0,27,27,100,2,1,2,200,2,?小学,?不一致,0,0,0,0,?未婚,2880,?12-24个月,0.87,-3330,18,660,7,?女,?一致,1070,3,2.67,3,3210,8,0
二线城市,1,29,17,0,0,0,0,0,0,?初中,?不一致,0,0,0,0,?已婚,17190,?24个月以上,0.48,23840,7,26270,4,?女,?一致,8379.17,12,5.92,12,100600,69,0
一线城市,0,33,62,0,0,0,0,0,0,?小学,?一致,0,0,0,0,?未婚,50000,?24个月以上,0.94,10000,1,0,0,?男,?不一致,20000,3,1,3,60000,3,0
二线城市,0,50,16,200,3,1,3,600,3,?初中,?None,0,0,0,0,?未婚,249440,?无效,0.63,20760,33,-27760,2,?男,?一致,30607.27,11,2,11,336710,21,0
二线城市,0,32,9,0,0,0,0,0,0,?小学,?None,0,0,0,0,?已婚,50,?无效,0.98,0,0,0,0,?男,?一致,50,1,1,1,50,1,0
一线城市,0,24,18,3045.45,11,3.73,11,33500,41,?None,?None,0,0,0,0,?未婚,12330,?24个月以上,0.08,51960,192,24870,69,?男,?不一致,7693.33,12,11.83,12,92380,144,0
一线城市,0,37,33,1400,3,1,3,4200,3,?小学,?一致,0,0,0,0,?None,10000,?24个月以上,0.88,10000,1,10000,1,?男,?一致,4018,5,0.8,5,20090,4,0
一线城市,0,34,36,4457.14,7,2.29,7,31200,16,?小学,?None,0,0,0,0,?未婚,27800,?24个月以上,0.44,25660,4,0,0,?女,?一致,10110.83,12,4,12,121370,48,0
其它,0,29,48,0,0,0,0,0,0,?小学,?不一致,0,0,0,0,?未婚,15260,?24个月以上,0.35,64320,63,30960,24,?女,?一致,5770,12,5.08,12,69300,63,0
二线城市,0,23,29,1560,5,1.2,5,7800,6,?初中,?None,0,0,0,0,?None,9480,?24个月以上,0.33,12170,154,12420,33,?男,?None,2204.55,11,12.73,11,24280,145,0
二线城市,0,43,40,0,0,0,0,0,0,?None,?None,0,0,0,0,?None,4500,?无效,0.65,-82450,15,4500,3,?女,?不一致,1325,8,0.88,8,10620,7,0
一线城市,0,43,7,0,0,0,0,0,0,?小学,?None,0,0,0,1,?未婚,0,?无效,0.96,0,0,0,1,?男,?一致,0,2,1,2,0,2,0
一线城市,0,57,49,1650,4,1,4,6600,4,?小学,?一致,0,0,0,0,?未婚,17590,?无效,0.63,12080,21,48560,8,?男,?一致,7210.83,12,1.33,12,86610,15,0
二线城市,0,30,4,0,0,0,0,0,0,?小学,?None,0,0,0,0,?未婚,200,?24个月以上,0.98,0,0,0,0,?男,?一致,200,1,1,1,200,1,0
二线城市,0,43,8,8000,1,2,1,8000,2,?小学,?一致,0,0,0,0,?未婚,52010,?12-24个月,0.94,0,0,0,0,?女,?None,26005,2,2.5,2,52010,5,0
一线城市,0,36,3,0,0,0,0,0,0,?高中,?None,0,0,0,0,?未婚,3810,?6-12个月,0.92,9350,4,0,0,?男,?一致,3810,3,1,3,11440,3,0
一线城市,0,40,46,0,0,0,0,0,0,?高中,?None,0,0,0,0,?未婚,50000,?24个月以上,0.35,-41430,32,-119590,11,?女,?一致,23128.33,12,8.08,12,277610,98,0
其它,0,55,30,0,0,0,0,0,0,?本科以上,?不一致,0,0,0,0,?未婚,1000,?12-24个月,0.98,0,0,0,0,?女,?一致,1000,1,1,1,1000,1,0
其它,0,35,30,8800,1,3,1,8800,3,?初中,?一致,0,0,0,0,?已婚,14350,?24个月以上,0.38,-79080,84,30280,17,?女,?一致,11030.83,12,7.25,12,132480,87,0
其它,0,29,2,700,1,2,1,700,2,?初中,?None,0,0,0,0,?未婚,0,?无效,0.98,0,0,0,0,?女,?一致,0,1,0,1,0,0,0
其它,0,43,14,0,0,0,0,0,0,?初中,?一致,0,0,0,0,?None,380,?24个月以上,0.96,0,0,0,0,?男,?一致,310,2,1.5,2,620,3,0
一线城市,0,31,62,5000,1,2,1,5000,2,?高中,?None,0,0,0,0,?未婚,100660,?无效,0.52,210580,87,79720,36,?男,?不一致,26320,8,10.75,8,210580,87,0
一线城市,0,26,55,4416.67,6,1.5,6,26500,9,?本科以上,?不一致,0,0,0,0,?未婚,44230,?24个月以上,0.71,8520,12,0,0,?男,?一致,8871.11,9,2,9,79840,18,0
二线城市,0,28,52,0,0,0,0,0,0,?小学,?None,0,0,0,0,?未婚,7660,?24个月以上,0.71,5000,61,12610,32,?男,?None,6440,12,3.08,12,77320,36,0
一线城市,0,53,53,4000,4,1.5,4,16000,6,?初中,?不一致,1,0,0,1,?未婚,7100,?24个月以上,0.46,31670,39,13870,15,?男,?不一致,4221.25,8,5.63,8,33800,45,0
二线城市,0,35,20,833.33,3,1,3,2500,3,?小学,?None,0,0,0,0,?None,52730,?24个月以上,0.65,113700,4,7000,1,?男,?一致,15315,8,1.88,8,122540,15,0
其它,0,31,26,0,0,0,0,0,0,?高中,?None,0,0,0,0,?已婚,0,?无效,0.96,0,1,0,0,?女,?一致,0,1,0,1,0,0,0
二线城市,0,31,44,0,0,0,0,0,0,?初中,?不一致,0,0,0,0,?未婚,40000,?24个月以上,0.58,27610,8,50170,5,?女,?不一致,12940,10,2.8,10,129420,27,0
二线城市,0,31,35,0,0,0,0,0,0,?小学,?None,0,0,0,0,?已婚,70,?24个月以上,0.9,-47820,24,0,0,?男,?None,23.33,3,0.33,3,70,1,0
其它,0,30,4,0,0,0,0,0,0,?小学,?None,0,0,0,0,?未婚,0,?6-12个月,0.98,0,1,0,1,?女,?一致,0,0,0,0,0,0,0
二线城市,0,31,11,333.33,3,1,3,1000,3,?高中,?一致,0,0,0,0,?未婚,0,?24个月以上,0.52,-64940,45,-2890,8,?男,?一致,0,8,0,8,0,0,0
一线城市,0,32,19,0,0,0,0,0,0,?小学,?None,0,0,0,0,?已婚,0,?24个月以上,0,0,0,0,0,?男,?一致,0,0,0,0,0,0,0
一线城市,0,36,79,2612.5,8,2.13,8,20900,17,?本科以上,?不一致,0,0,0,0,?未婚,19700,?24个月以上,0.21,-3376840,225,-862170,75,?男,?一致,4775.83,12,2.33,12,57350,28,0
二线城市,0,46,6,0,0,0,0,0,0,?小学,?None,0,0,0,0,?已婚,16000,?24个月以上,0.87,12520,12,120,1,?女,?一致,4240,4,1.75,4,16960,7,0
二线城市,0,40,27,400,1,1,1,400,1,?None,?一致,0,0,0,0,?未婚,950,?24个月以上,0.63,-1420,27,2490,6,?男,?一致,316.67,9,1.44,9,2870,12,0
二线城市,0,46,35,0,0,0,0,0,0,?初中,?一致,0,0,0,0,?未婚,14360,?24个月以上,0.42,-30120,57,31260,12,?男,?一致,5106.67,12,2,12,61300,24,0
一线城市,0,26,14,200,1,1,1,200,1,?高中,?None,0,0,0,0,?未婚,0,?0-6个月,0.98,0,0,0,0,?男,?不一致,0,1,0,1,0,0,0
二线城市,0,47,22,1950,2,1.5,2,3900,3,?小学,?None,0,0,0,0,?未婚,6810,?24个月以上,0.87,0,0,0,0,?女,?一致,3154,5,1,5,15770,5,0
其它,0,52,3,0,0,0,0,0,0,?高中,?一致,0,0,0,0,?None,390,?24个月以上,0.96,0,3,0,0,?男,?一致,195,2,0.5,2,390,1,0
二线城市,0,38,9,4160,5,2,5,20800,10,?小学,?None,0,0,0,0,?None,2360,?无效,0.73,-2970,1,0,0,?男,?一致,337.5,8,0.5,8,2700,4,0
二线城市,0,32,3,0,0,0,0,0,0,?高中,?None,0,0,0,0,?None,1620,?24个月以上,0.98,0,0,0,0,?男,?一致,1620,1,1,1,1620,1,0
二线城市,0,23,39,500,2,1.5,2,1000,3,?小学,?None,0,0,0,0,?已婚,29940,?24个月以上,0.38,38210,120,34670,39,?男,?一致,8570,10,8.6,10,85740,87,0
二线城市,0,30,73,0,0,0,0,0,0,?None,?None,0,0,0,0,?未婚,200,?24个月以上,0.96,200,1,0,0,?女,?一致,200,1,1,1,200,1,0
二线城市,0,30,9,1000,1,1,1,1000,1,?高中,?None,0,0,0,0,?已婚,250,?24个月以上,0.96,0,0,0,0,?女,?一致,125,2,1,2,250,2,0
一线城市,0,45,2,0,0,0,0,0,0,?高中,?一致,0,0,0,0,?已婚,40000,?0-6个月,0.96,0,0,0,0,?男,?一致,40000,1,2,1,40000,2,0
其它,0,29,18,200,1,1,1,200,1,?本科以上,?一致,0,0,0,0,?未婚,310,?24个月以上,0.94,0,0,0,0,?女,?一致,310,1,3,1,310,3,0
一线城市,0,44,68,500,1,1,1,500,1,?初中,?None,0,0,0,0,?None,4840,?24个月以上,0.87,-13860,9,-17710,7,?男,?一致,1210,4,0.25,4,4840,1,0
一线城市,0,51,81,850,4,1.5,4,3400,6,?初中,?None,0,0,0,0,?None,0,?6-12个月,0.9,0,0,0,0,?男,?一致,0,4,0,4,0,0,0
二线城市,0,24,12,790,10,3.5,10,7900,35,?高中,?None,0,0,0,0,?已婚,10610,?无效,0.38,9300,33,8780,7,?男,?一致,2611.82,11,5.45,11,28770,63,0
二线城市,0,47,14,0,0,0,0,0,0,?小学,?一致,0,0,0,0,?未婚,1770,?24个月以上,0.73,4870,9,1320,3,?男,?一致,1232,5,3,5,6170,15,0
二线城市,0,29,14,1800,9,2.78,9,16200,25,?小学,?一致,0,0,0,0,?未婚,340,?12-24个月,0.6,-2940,7,0,5,?男,?一致,30.91,11,0.09,11,340,1,0
二线城市,1,32,22,1381.82,11,2.09,11,15200,23,?初中,?不一致,0,0,0,0,?未婚,30260,?24个月以上,0.38,54550,3,-97440,15,?男,?一致,4545.83,12,0.25,12,54550,3,0
二线城市,0,33,30,0,0,0,0,0,0,?高中,?None,0,0,0,0,?未婚,380,?24个月以上,0.98,380,1,0,0,?男,?None,380,1,1,1,380,1,0
一线城市,0,28,72,4348.33,6,2.83,6,26090,17,?初中,?None,0,0,0,0,?已婚,4380,?24个月以上,0.5,6310,12,4790,10,?女,?一致,1085.45,11,2.45,11,11970,27,0
其它,1,28,6,0,0,0,0,0,0,?初中,?一致,0,0,0,0,?已婚,210,?24个月以上,0.94,0,1,0,1,?男,?一致,105,2,1,2,210,2,0
其它,0,23,35,0,0,0,0,0,0,?小学,?不一致,0,0,0,0,?已婚,6390,?24个月以上,0.04,-388010,195,12240,9,?男,?None,3366.67,12,5.42,12,40450,63,0
?二线城市,0,43,38,0,0,0,0,0,0,?初中,?None,0,0,0,0,?未婚,0,?无效,0,0,0,0,0,?男,?None,0,0,0,0,0,0,0
二线城市,0,27,47,1237.5,8,2.13,8,9900,17,?本科以上,?None,1,0,0,0,?未婚,30920,?24个月以上,0.35,16720,102,27220,18,?男,?一致,4600.83,12,7.58,12,55270,93,0
一线城市,0,28,46,1072.73,11,3.73,11,11800,41,?初中,?None,0,0,0,0,?None,29250,?24个月以上,0.17,-352550,201,0,0,?女,?一致,2676.67,12,2.42,12,32130,30,0
二线城市,0,33,75,0,0,0,0,0,0,?初中,?一致,0,0,0,0,?未婚,250,?24个月以上,0.98,0,0,0,0,?女,?一致,250,1,1,1,250,1,0
二线城市,0,58,33,0,0,0,0,0,0,?本科以上,?None,1,0,0,0,?已婚,0,?无效,0.98,0,0,0,0,?男,?一致,0,0,0,0,0,0,0
其它,1,24,23,671.43,7,1.43,7,4700,10,?本科以上,?不一致,0,0,0,0,?未婚,4490,?24个月以上,0.52,-5110,30,410,8,?女,?一致,796.36,11,3.45,11,8810,36,0
其它,0,32,48,5075,4,2.5,4,20300,10,?小学,?None,1,1,1,0,?未婚,3210,?24个月以上,0.54,-53480,30,7280,6,?男,?一致,1173.33,12,1.33,12,14110,15,0
其它,0,24,12,2775,4,2.75,4,11100,11,?高中,?None,0,0,0,0,?未婚,400,?12-24个月,0.87,0,0,0,0,?男,?None,160,5,0.8,5,800,4,0
一线城市,1,21,3,0,0,0,0,0,0,?高中,?一致,0,0,0,0,?未婚,400,?12-24个月,0.94,300,1,300,1,?女,?一致,255,2,1.5,2,510,3,0
一线城市,0,39,50,2225,4,2.25,4,8900,9,?初中,?None,0,0,0,0,?未婚,108410,?24个月以上,0.33,236870,90,220850,39,?女,?一致,22080,12,6.67,12,264990,81,0
二线城市,0,30,2,0,0,0,0,0,0,?小学,?None,0,0,0,0,?已婚,0,?24个月以上,0.87,-227820,117,0,0,?男,?一致,0,2,0,2,0,0,0
一线城市,0,46,36,0,0,0,0,0,0,?初中,?None,0,0,0,0,?未婚,0,?24个月以上,0,0,0,0,0,?男,?一致,0,0,0,0,0,0,0
二线城市,0,44,2,40,1,1,1,40,1,?None,?None,0,0,0,0,?None,100,?24个月以上,0.94,0,1,0,1,?男,?一致,50,2,0.5,2,100,1,0
其它,0,28,9,100,3,1,3,300,3,?小学,?一致,1,0,0,0,?已婚,3940,?24个月以上,0.37,-107220,204,0,0,?男,?一致,1372.22,9,1.67,9,12380,15,0
二线城市,0,41,20,300,1,1,1,300,1,?初中,?不一致,0,0,0,0,?已婚,3600,?12-24个月,0.88,0,0,0,0,?男,?一致,2255,4,1.25,4,9020,5,0
二线城市,0,35,79,14412.5,8,3.13,8,115300,25,?初中,?None,0,0,0,0,?未婚,33100,?24个月以上,0.15,-1255230,177,-786850,93,?男,?一致,9603.33,12,1.5,12,115250,18,0
一线城市,0,41,6,0,0,0,0,0,0,?小学,?不一致,0,0,0,0,?已婚,8920,?24个月以上,0.83,-15620,15,5530,1,?女,?None,4160,3,2,3,12490,6,0
其它,0,39,31,0,0,0,0,0,0,?小学,?None,0,0,0,0,?未婚,0,?24个月以上,0,0,0,0,0,?男,?一致,0,0,0,0,0,0,0
一线城市,0,34,30,2500,3,1.33,3,7500,4,?小学,?None,0,0,0,0,?已婚,7340,?24个月以上,0.56,-107010,12,21120,9,?男,?None,2697,10,2.8,10,27000,27,0
二线城市,0,41,26,0,0,0,0,0,0,?小学,?None,0,0,0,0,?已婚,2760,?6-12个月,0.96,2760,1,0,0,?女,?不一致,1380,2,1,2,2760,2,0
一线城市,0,56,3,0,0,0,0,0,0,?小学,?一致,1,0,0,1,?已婚,2000,?24个月以上,0.98,2000,1,0,0,?男,?不一致,2000,1,1,1,2000,1,0
二线城市,1,47,23,0,0,0,0,0,0,?小学,?不一致,0,0,1,0,?None,0,?24个月以上,0,0,0,0,0,?女,?一致,0,0,0,0,0,0,0
一线城市,0,33,22,0,0,0,0,0,0,?高中,?None,0,0,0,0,?未婚,2750,?12-24个月,0.87,-7700,15,3050,4,?男,?一致,1360,3,1.67,3,4080,5,0
二线城市,0,37,37,200,1,1,1,200,1,?高中,?一致,0,0,0,0,?None,20200,?24个月以上,0.63,-36820,18,-14820,6,?男,?一致,2715,8,1.13,8,21730,9,0
二线城市,0,35,83,0,0,0,0,0,0,?小学,?不一致,0,0,0,0,?未婚,38250,?24个月以上,0.02,86800,342,101830,144,?男,?一致,16379.17,12,14.67,12,196600,180,0
一线城市,0,33,23,500,1,1,1,500,1,?本科以上,?一致,0,0,0,0,?已婚,0,?无效,0.56,-113700,39,0,0,?女,?一致,0,11,0,11,0,0,0
其它,0,44,47,6500,1,3,1,6500,3,?None,?None,0,0,0,0,?未婚,742610,?12-24个月,0.5,2158780,186,5710,9,?女,?一致,216387,10,17.9,10,2163900,183,0
二线城市,0,28,12,500,1,1,1,500,1,?初中,?一致,0,0,0,0,?已婚,2040,?24个月以上,0.9,1280,4,160,2,?男,?一致,882,5,0.6,5,4420,3,0
一线城市,0,33,44,0,0,0,0,0,0,?小学,?不一致,0,0,0,0,?未婚,2500,?24个月以上,0.85,2820,9,0,0,?男,?一致,470,6,1.67,6,2830,10,0
二线城市,0,31,2,0,0,0,0,0,0,?初中,?None,0,0,0,1,?None,0,?6-12个月,0.98,0,0,0,1,?男,?一致,0,1,2,1,0,2,0
一线城市,0,30,36,0,0,0,0,0,0,?初中,?不一致,0,0,0,0,?未婚,50,?6-12个月,0.9,-2550,3,0,0,?男,?一致,16.67,3,0.33,3,50,1,0
二线城市,0,33,27,0,0,0,0,0,0,?本科以上,?None,0,0,0,1,?未婚,0,?24个月以上,0.98,0,0,0,0,?女,?不一致,0,0,0,0,0,0,0
二线城市,0,26,0,0,0,0,0,0,0,?高中,?None,0,0,0,0,?未婚,92200,?24个月以上,0.12,131600,620,123100,190,?女,?一致,27700,12,24.92,12,332800,340,0
二线城市,0,35,85,5000,4,1.75,4,20000,7,?小学,?不一致,1,1,0,1,?未婚,110490,?24个月以上,0,-990660,426,80030,57,?男,?一致,55609.17,12,14.92,12,667360,189,0
一线城市,0,29,10,0,0,0,0,0,0,?高中,?一致,0,0,0,0,?None,6790,?6-12个月,0.5,10950,30,13030,12,?男,?一致,2613.33,9,2.11,9,23550,18,0
其它,0,24,17,0,0,0,0,0,0,?小学,?一致,0,0,0,0,?未婚,380,?12-24个月,0.88,-930,3,0,0,?男,?一致,100,4,1.25,4,410,5,0
二线城市,0,27,14,1000,1,1,1,1000,1,?初中,?一致,0,0,0,0,?已婚,690,?无效,0.69,5170,18,2930,10,?男,?不一致,466.36,11,1.55,11,5170,15,0
二线城市,0,36,17,0,0,0,0,0,0,?小学,?None,0,0,0,0,?None,0,?24个月以上,0,0,0,0,0,?女,?不一致,0,0,0,0,0,0,0
其它,0,33,38,0,0,0,0,0,0,?初中,?不一致,0,0,0,0,?已婚,672240,?24个月以上,0.23,1028100,84,1792500,42,?男,?一致,197894.17,12,4.33,12,2374740,51,0
二线城市,0,52,2,0,0,0,0,0,0,?小学,?None,0,0,0,0,?已婚,0,?12-24个月,0.98,0,0,0,0,?女,?一致,0,1,1,1,0,1,0
一线城市,0,24,12,1733.33,9,3.44,9,15600,31,?小学,?一致,0,0,0,0,?未婚,10000,?24个月以上,0.42,-201890,93,0,0,?男,?一致,833.33,12,0.08,12,10000,1,0
其它,0,29,2,300,1,1,1,300,1,?小学,?None,0,0,0,0,?未婚,0,?无效,0.98,0,0,0,0,?男,?不一致,0,1,0,1,0,0,0
其它,0,33,19,300,2,1.5,2,600,3,?高中,?None,0,0,0,0,?已婚,140,?24个月以上,0.88,-1090,2,0,0,?女,?一致,28,5,0.2,5,140,1,0
二线城市,0,40,0,0,0,0,0,0,0,?初中,?不一致,0,0,0,0,?未婚,8600,?24个月以上,0.56,-8000,50,9600,30,?男,?一致,2987.5,8,3.75,8,24200,30,0
二线城市,0,23,32,384.29,7,4.14,7,2690,29,?None,?None,0,0,0,0,?未婚,13700,?无效,0.31,12870,66,8160,12,?男,?None,4351.82,11,7.36,11,47930,84,0
一线城市,0,24,8,0,0,0,0,0,0,?小学,?None,0,0,0,0,?已婚,260,?12-24个月,0.88,1340,5,260,1,?男,?一致,228.33,6,1,6,1410,6,0
二线城市,0,53,10,0,0,0,0,0,0,?初中,?None,0,0,0,0,?None,9650,?0-6个月,0.4,-702550,201,14150,3,?男,?不一致,1572.22,9,0.33,9,14150,3,0
其它,0,31,25,2200,1,2,1,2200,2,?小学,?None,0,0,0,0,?未婚,170,?12-24个月,0.88,0,5,0,2,?男,?一致,63.33,3,1.33,3,190,4,0
其它,0,36,11,0,0,0,0,0,0,?小学,?None,0,0,0,0,?已婚,20,?12-24个月,0.96,20,1,20,1,?女,?一致,10,2,0.5,2,20,1,0
其它,0,30,11,200,1,1,1,200,1,?初中,?None,0,0,0,0,?已婚,9780,?24个月以上,0.54,18150,42,23990,24,?男,?一致,3211.11,9,3.67,9,28920,33,0
一线城市,0,29,12,1766.67,9,3.44,9,15900,31,?None,?None,0,0,0,0,?未婚,28460,?24个月以上,0.21,-174760,174,77050,30,?女,?一致,11227.27,11,5.45,11,123550,60,0
其它,0,31,41,0,0,0,0,0,0,?小学,?不一致,0,0,0,0,?已婚,6070,?无效,0.96,-91920,4,0,0,?女,?不一致,3035,2,0.5,2,6070,1,0
一线城市,0,35,41,0,0,0,0,0,0,?初中,?不一致,0,0,0,0,?已婚,0,?24个月以上,0.98,0,1,0,0,?女,?一致,0,0,0,0,0,0,0
其它,0,32,13,1233.33,3,1.33,3,3700,4,?初中,?None,0,0,0,0,?None,9710,?无效,0.87,0,0,0,0,?女,?一致,2872,5,1,5,14370,5,0
二线城市,1,32,28,0,0,0,0,0,0,?小学,?不一致,0,0,0,0,?未婚,0,?24个月以上,0.98,0,0,0,0,?女,?一致,0,1,0,1,0,0,0
其它,0,40,5,0,0,0,0,0,0,?小学,?一致,0,0,0,1,?已婚,1100,?无效,0.98,0,0,0,0,?男,?一致,1100,1,1,1,1100,1,0
一线城市,0,36,79,7962.5,8,2.5,8,63700,20,?小学,?一致,0,0,0,0,?未婚,203810,?24个月以上,0.46,0,1,220,2,?女,?一致,69376.67,12,6,12,832560,74,0
二线城市,0,39,18,1611.11,9,1.22,9,14500,11,?高中,?None,0,0,0,0,?未婚,91200,?24个月以上,0.65,-990,2,0,0,?男,?一致,11461,10,0.9,10,114620,9,0
二线城市,0,28,34,1080,5,1.4,5,5400,7,?None,?None,0,0,0,0,?未婚,37430,?24个月以上,0.63,-16800,12,0,2,?男,?不一致,4220,9,0.78,9,38000,7,0
二线城市,0,37,28,0,0,0,0,0,0,?初中,?None,0,0,0,0,?未婚,190,?24个月以上,0.87,-16940,9,0,6,?男,?一致,47.5,4,0.25,4,190,1,0
其它,0,27,7,850,4,1.75,4,3400,7,?小学,?None,0,0,0,0,?已婚,10700,?24个月以上,0.67,2880,30,0,0,?男,?不一致,4661.67,6,8.67,6,27990,51,0
二线城市,0,30,48,0,0,0,0,0,0,?初中,?不一致,0,0,0,0,?未婚,7200,?24个月以上,0.9,-37360,6,-8690,3,?女,?一致,1478,5,0.6,5,7400,3,0
其它,0,34,40,500,1,1,1,500,1,?小学,?None,0,0,0,1,?未婚,0,?24个月以上,0.98,0,0,0,0,?男,?一致,0,1,0,1,0,0,0
一线城市,0,44,25,4560,1,1,1,4560,1,?本科以上,?None,0,0,0,0,?已婚,1100,?24个月以上,0.83,-28460,10,20,1,?女,?一致,186.67,6,0.5,6,1120,3,0
其它,0,28,16,1000,1,4,1,1000,4,?小学,?None,0,0,0,0,?已婚,0,?无效,0.98,0,0,0,0,?女,?不一致,0,1,0,1,0,0,0
一线城市,0,30,4,8466.67,3,3.67,3,25400,11,?None,?None,0,0,0,0,?未婚,29780,?无效,0.77,1960,60,18890,18,?男,?一致,14176.67,3,12.67,3,42540,39,0
二线城市,0,27,3,0,0,0,0,0,0,?本科以上,?一致,0,1,0,0,?已婚,400,?12-24个月,0.96,800,2,0,0,?男,?一致,400,2,1,2,800,2,0
二线城市,0,55,6,1933.33,3,1,3,5800,3,?初中,?一致,0,0,0,0,?未婚,13560,?24个月以上,0.83,15060,42,0,0,?女,?一致,3765,4,10.25,4,15060,39,0
一线城市,0,35,76,5000,1,1,1,5000,1,?初中,?一致,0,0,0,0,?已婚,31860,?24个月以上,0.42,-95500,12,180,1,?女,?一致,7271.82,11,1.09,11,80020,12,0
二线城市,0,26,8,0,0,0,0,0,0,?初中,?None,0,0,0,0,?未婚,360,?无效,0.94,280,2,0,0,?男,?None,213.33,3,1.33,3,640,4,0
其它,0,42,31,6562.5,8,3.5,8,52500,28,?初中,?不一致,0,0,0,0,?已婚,140,?24个月以上,0.71,0,0,0,0,?女,?一致,35,8,0.25,8,290,2,0
二线城市,0,25,73,0,0,0,0,0,0,?初中,?None,0,0,0,0,?已婚,50,?无效,0.96,50,2,0,0,?男,?一致,50,1,1,1,50,1,0
其它,0,31,0,0,0,0,0,0,0,?小学,?None,0,0,0,0,?未婚,0,?24个月以上,0,0,0,0,0,?女,?一致,0,0,0,0,0,0,0
一线城市,0,38,36,2450,6,1.5,6,14700,9,?本科以上,?一致,0,0,0,0,?未婚,9350,?24个月以上,0.46,-10170,54,15970,21,?女,?一致,4278.33,12,2.83,12,51370,36,0
二线城市,0,37,24,0,0,0,0,0,0,?小学,?None,0,0,0,0,?None,0,?24个月以上,0,0,0,0,0,?女,?一致,0,0,0,0,0,0,0
其它,0,30,39,0,0,0,0,0,0,?高中,?None,0,0,0,0,?未婚,5000,?24个月以上,0.88,-2400,2,0,0,?女,?一致,1275,4,1,4,5100,4,0
一线城市,0,29,55,100,1,1,1,100,1,?None,?None,0,0,0,0,?None,900,?24个月以上,0.9,900,1,900,1,?男,?一致,300,5,1,5,1500,5,0
一线城市,0,29,25,1000,1,1,1,1000,1,?初中,?None,0,0,0,0,?未婚,14480,?无效,0.06,-658730,234,69420,24,?女,?一致,10730.83,12,7.58,12,128820,93,0
二线城市,0,29,48,6000,1,2,1,6000,2,?初中,?不一致,1,0,0,0,?未婚,9340,?24个月以上,0.46,-137820,27,0,0,?女,?None,2754.17,12,0.67,12,33060,8,0
一线城市,0,25,2,100,1,1,1,100,1,?小学,?None,1,0,1,0,?未婚,0,?6-12个月,0.96,-4000,4,0,0,?男,?一致,0,2,0,2,0,0,0
其它,0,41,35,0,0,0,0,0,0,?None,?不一致,0,0,0,0,?已婚,26360,?无效,0.58,20910,42,2150,10,?女,?不一致,5006.67,9,4,9,45110,36,0
其它,0,41,64,1366.67,3,1.67,3,4100,5,?高中,?None,0,0,0,0,?未婚,17580,?24个月以上,0.48,55400,48,26830,12,?男,?一致,5334.55,11,4.18,11,58720,45,0
其它,0,37,26,10780,10,4.1,10,107800,41,?小学,?None,0,0,0,0,?未婚,27550,?24个月以上,0.4,-240280,48,-44580,7,?男,?一致,16079,10,3.2,10,160810,33,0
一线城市,0,39,31,1700,1,1,1,1700,1,?小学,?None,0,0,0,0,?已婚,23820,?24个月以上,0.12,-995680,162,-530870,90,?男,?一致,5786.67,12,1.08,12,69500,12,0
其它,0,26,24,0,0,0,0,0,0,?初中,?一致,0,0,0,0,?未婚,2500,?0-6个月,0.96,-2500,1,0,0,?男,?不一致,1250,2,1,2,2500,2,0
一线城市,0,28,9,1850,2,2,2,3700,4,?None,?None,0,0,0,0,?未婚,74350,?0-6个月,0.56,66090,84,11030,5,?男,?不一致,38796.25,8,8.38,8,310400,69,0
二线城市,0,34,32,500,1,1,1,500,1,?小学,?不一致,0,0,0,0,?已婚,13260,?24个月以上,0.02,-1745320,306,15360,12,?男,?一致,3776.67,12,4.42,12,45370,51,0
一线城市,0,52,19,2614.29,7,2.29,7,18300,16,?初中,?不一致,1,1,0,0,?已婚,86940,?12-24个月,0.56,22030,8,18190,6,?女,?一致,12301.11,9,2,9,110730,18,0
一线城市,0,53,11,3500,2,1.5,2,7000,3,?初中,?None,0,0,0,0,?None,11220,?24个月以上,0.83,-16800,21,-35000,2,?男,?一致,8976,5,2.6,5,44910,12,0
一线城市,0,29,33,0,0,0,0,0,0,?None,?None,0,0,0,0,?已婚,12000,?24个月以上,0.94,15000,2,0,0,?男,?一致,5013.33,3,1.33,3,15040,4,0
一线城市,0,34,40,0,0,0,0,0,0,?小学,?一致,0,0,0,0,?已婚,1060,?24个月以上,0.15,-595260,159,2230,7,?女,?不一致,289.17,12,1.25,12,3500,15,0
一线城市,0,46,3,600,1,1,1,600,1,?小学,?None,0,1,0,0,?None,0,?24个月以上,0.94,0,0,0,0,?男,?一致,0,3,0,3,0,0,0
一线城市,0,41,4,800,1,2,1,800,2,?None,?None,0,0,0,0,?未婚,0,?24个月以上,0.96,0,0,0,0,?男,?一致,0,2,0.5,2,0,1,0
二线城市,0,46,12,0,0,0,0,0,0,?高中,?一致,0,0,0,0,?未婚,3750,?0-6个月,0.98,0,0,0,0,?男,?不一致,3750,1,1,1,3750,1,0
其它,0,24,3,1350,2,2,2,2700,4,?初中,?None,0,0,0,0,?已婚,1580,?0-6个月,0.9,1300,2,0,3,?女,?一致,850,2,3,2,1700,6,0
其它,0,53,29,2991,10,2.5,10,29910,25,?None,?None,0,0,0,0,?未婚,15930,?0-6个月,0.12,-61980,114,-42780,27,?女,?不一致,6178.33,12,5.08,12,74200,63,0
二线城市,0,39,25,1500,3,1,3,4500,3,?本科以上,?不一致,0,0,0,0,?未婚,13680,?24个月以上,0.38,-20950,54,900,10,?女,?一致,2840,10,2.1,10,28470,21,0
二线城市,0,25,34,0,0,0,0,0,0,?小学,?None,0,0,0,0,?None,0,?0-6个月,0.9,-2700,15,0,10,?男,?None,0,1,0,1,0,0,0
二线城市,0,28,42,0,0,0,0,0,0,?高中,?一致,0,0,0,1,?已婚,180,?24个月以上,0.94,240,3,0,0,?男,?一致,120,2,1.5,2,240,3,0
一线城市,0,33,43,800,2,1.5,2,1600,3,?高中,?一致,0,0,0,0,?已婚,37100,?无效,0.75,17310,42,15910,8,?女,?不一致,17147.5,4,6.75,4,68610,25,0
其它,0,26,6,0,0,0,0,0,0,?本科以上,?None,0,0,0,0,?None,2300,?24个月以上,0.98,2300,1,0,0,?女,?一致,2300,1,1,1,2300,1,0
二线城市,0,44,52,0,0,0,0,0,0,?初中,?None,1,0,0,0,?None,2050,?24个月以上,0.71,680,15,0,0,?男,?一致,407.5,8,2.63,8,3280,21,0
二线城市,0,53,44,350,2,1,2,700,2,?高中,?一致,0,0,0,0,?已婚,990,?0-6个月,0.88,-2090,6,0,0,?女,?一致,563.33,3,1,3,1690,3,0
一线城市,0,27,37,2216.67,12,3.08,12,26600,37,?小学,?一致,0,0,0,0,?已婚,6380,?无效,0.13,-109690,51,6270,4,?女,?不一致,1915,12,1.67,12,23010,18,0
二线城市,0,37,15,7000,1,2,1,7000,2,?初中,?None,0,0,0,0,?未婚,20300,?24个月以上,0.9,0,0,20900,7,?男,?None,6562.5,4,2.25,4,26250,9,0
二线城市,0,24,30,1000,7,1.43,7,7000,10,?小学,?None,0,0,0,0,?未婚,2100,?无效,0.62,-5300,4,0,0,?女,?None,682,10,1.3,10,6840,12,0
一线城市,0,48,7,100,1,1,1,100,1,?初中,?None,0,0,0,0,?未婚,980,?0-6个月,0.94,0,0,0,0,?男,?不一致,490,2,1.5,2,980,3,0
一线城市,0,31,9,2300,2,2,2,4600,4,?本科以上,?一致,0,0,0,0,?已婚,2050,?24个月以上,0.54,-197190,37,1600,2,?女,?一致,514.44,9,2.56,9,4650,23,0
